experiment,model,validation_accuracy,validation_precision,validation_recall,validation_f1,validation_roc_auc,test_accuracy,test_precision,test_recall,test_f1,test_roc_auc
skills,binary_lr,1.000,1.000,1.000,1.000,1.000,1.000,1.000,1.000,1.000,1.000
skills,binary_rf,0.993,0.991,0.997,0.994,1.000,0.995,0.993,0.997,0.995,1.000
combined,combined_lr,0.953,0.954,0.958,0.956,0.991,0.952,0.953,0.958,0.955,0.992
skills,embeddings_lr,0.945,0.945,0.953,0.949,0.989,0.947,0.947,0.955,0.951,0.990
combined,combined_gb,0.904,0.904,0.918,0.911,0.972,0.909,0.910,0.921,0.916,0.974
skills,embeddings_rf,0.883,0.892,0.889,0.891,0.957,0.886,0.895,0.892,0.893,0.960
skills,grouped_lr,0.834,0.840,0.854,0.847,0.918,0.834,0.842,0.851,0.846,0.921
skills,grouped_rf,0.812,0.821,0.832,0.826,0.897,0.814,0.823,0.832,0.828,0.897
skills,counts_rf,0.783,0.783,0.823,0.803,0.868,0.786,0.787,0.824,0.805,0.872
skills,counts_lr,0.777,0.811,0.761,0.785,0.868,0.780,0.817,0.760,0.788,0.872
experience,experience_lr,0.536,0.536,0.995,0.697,0.505,0.537,0.537,0.997,0.698,0.491
experience,experience_rf,0.539,0.547,0.813,0.654,0.523,0.537,0.546,0.809,0.652,0.518
education,education_lr,0.569,0.561,0.910,0.694,0.570,0.565,0.559,0.898,0.689,0.569
education,education_rf,0.568,0.571,0.788,0.662,0.574,0.563,0.568,0.774,0.655,0.567
